policy_id,policy_type,state,customer_age,premium_amount,issue_date,has_claim,claim_amount
1001,Auto,MI,69,582.76,2023-12-13,0,0.0
1002,Home,CA,32,4614.34,2023-10-05,1,5425.09
1003,Auto,NC,78,1029.88,2022-06-26,0,0.0
1004,Commercial,MI,38,3094.32,2023-11-23,0,0.0
1005,Home,NC,41,1733.25,2022-03-23,0,0.0
1006,Home,TX,20,2993.8,2023-10-19,0,0.0
1007,Life,OH,39,3431.39,2023-12-29,0,0.0
1008,Auto,NC,70,4233.84,2023-07-02,0,0.0
1009,Commercial,PA,19,1428.9,2022-05-22,0,0.0
1010,Auto,CA,47,549.48,2022-08-01,0,0.0
1011,Commercial,MI,55,1115.99,2022-03-20,0,0.0
1012,Auto,CA,19,4550.08,2023-02-03,0,0.0
1013,Home,CA,81,4432.51,2023-11-19,0,0.0
1014,Auto,NC,77,3188.36,2022-10-15,0,0.0
1015,Life,FL,38,3202.33,2022-10-31,0,0.0
1016,Auto,PA,50,3492.67,2022-03-15,0,0.0
1017,Auto,IL,75,1289.17,2023-11-24,0,0.0
1018,Home,NC,39,4614.85,2023-08-05,0,0.0
1019,Auto,GA,66,2384.47,2022-01-20,1,2129.61
1020,Auto,FL,76,2224.12,2022-05-14,1,3181.56
1021,Auto,NC,59,2835.13,2023-02-10,0,0.0
1022,Home,TX,77,711.35,2022-01-21,0,0.0
1023,Commercial,FL,32,1248.28,2023-08-26,0,0.0
1024,Life,MI,79,3821.15,2024-01-22,0,0.0
1025,Auto,GA,79,872.59,2023-05-31,0,0.0
1026,Commercial,MI,64,3214.18,2023-12-15,0,0.0
1027,Auto,GA,79,1604.07,2023-05-01,1,197.83
1028,Auto,IL,68,2251.83,2023-01-01,0,0.0
1029,Auto,PA,72,1799.12,2024-01-05,0,0.0
1030,Commercial,IL,81,2100.53,2023-03-21,0,0.0
1031,Auto,NY,20,3735.71,2022-08-28,0,0.0
1032,Commercial,NY,68,1837.05,2022-04-24,0,0.0
1033,Life,MI,24,3048.82,2022-05-06,0,0.0
1034,Life,GA,38,2642.23,2023-01-17,0,0.0
1035,Life,PA,56,3486.52,2023-05-17,0,0.0
1036,Life,TX,35,4715.73,2023-12-29,1,1950.28
1037,Auto,GA,21,3796.57,2022-04-23,0,0.0
1038,Auto,IL,77,1467.23,2022-07-28,0,0.0
1039,Auto,NC,31,640.32,2023-09-07,0,0.0
1040,Home,NC,26,1680.19,2022-08-17,1,1555.93
1041,Home,NC,70,3177.85,2022-10-04,0,0.0
1042,Auto,MI,19,731.42,2023-05-06,0,0.0
1043,Auto,PA,77,2733.65,2022-09-07,1,1286.38
1044,Home,NY,61,3185.79,2022-12-14,1,3442.57
1045,Auto,TX,25,2004.1,2023-01-01,0,0.0
1046,Auto,TX,64,3969.1,2023-04-10,1,4542.95
1047,Life,CA,52,979.69,2022-05-27,0,0.0
1048,Life,GA,53,838.12,2022-08-01,0,0.0
1049,Life,CA,67,3776.85,2022-11-03,0,0.0
1050,Auto,NY,21,2729.71,2023-01-22,0,0.0
1051,Auto,CA,19,3597.81,2022-04-03,0,0.0
1052,Auto,MI,23,2456.72,2023-09-20,0,0.0
1053,Home,PA,71,1608.81,2022-07-21,0,0.0
1054,Home,TX,21,4185.96,2023-01-21,0,0.0
1055,Home,NY,71,4097.37,2022-09-04,0,0.0
1056,Life,MI,80,3626.13,2023-08-31,0,0.0
1057,Auto,NC,35,1724.65,2022-07-18,0,0.0
1058,Auto,PA,61,3156.04,2024-02-09,0,0.0
1059,Life,MI,51,2124.38,2022-01-22,0,0.0
1060,Life,FL,79,912.12,2023-06-02,0,0.0
1061,Auto,IL,31,4627.91,2022-09-24,1,801.4
1062,Commercial,TX,65,1115.68,2022-06-16,0,0.0
1063,Life,PA,32,4776.07,2022-04-30,0,0.0
1064,Auto,MI,79,2507.03,2022-01-02,0,0.0
1065,Auto,GA,57,1333.1,2024-02-01,0,0.0
1066,Life,CA,70,2938.55,2022-10-08,0,0.0
1067,Auto,MI,41,4428.26,2024-02-14,1,3461.84
1068,Auto,GA,43,3795.01,2022-05-14,0,0.0
1069,Commercial,GA,77,4129.53,2024-02-15,0,0.0
1070,Auto,NY,58,3464.53,2023-09-07,0,0.0
1071,Life,GA,46,3615.24,2022-06-30,0,0.0
1072,Life,IL,32,4321.38,2023-06-30,0,0.0
1073,Auto,NC,62,1623.51,2023-11-04,0,0.0
1074,Commercial,NC,82,2702.41,2022-12-23,0,0.0
1075,Home,TX,26,1495.44,2023-10-09,0,0.0
1076,Commercial,OH,18,4944.51,2022-01-02,0,0.0
1077,Auto,PA,25,4748.27,2024-02-27,1,3673.64
1078,Life,MI,80,677.42,2022-05-19,0,0.0
1079,Commercial,IL,28,3675.09,2022-07-28,0,0.0
1080,Commercial,IL,25,4663.62,2022-08-29,0,0.0
1081,Home,IL,52,1312.59,2022-07-30,0,0.0
1082,Life,TX,52,3055.75,2022-02-05,1,1755.72
1083,Life,MI,50,4619.7,2022-12-22,0,0.0
1084,Auto,CA,22,652.76,2022-02-20,0,0.0
1085,Home,OH,58,3638.39,2022-11-15,1,5098.22
1086,Commercial,FL,45,1838.07,2023-04-19,0,0.0
1087,Home,PA,24,4659.78,2022-07-22,1,5801.25
1088,Home,CA,29,4869.76,2022-07-19,0,0.0
1089,Life,CA,51,4749.2,2022-05-22,0,0.0
1090,Life,OH,50,2633.96,2023-06-03,0,0.0
1091,Commercial,IL,65,4379.19,2022-07-22,0,0.0
1092,Auto,FL,40,4300.47,2023-04-25,1,4527.77
1093,Life,TX,79,1935.95,2022-07-30,0,0.0
1094,Home,MI,54,4230.12,2024-02-18,0,0.0
1095,Life,TX,61,666.53,2024-02-24,0,0.0
1096,Home,OH,52,3183.21,2023-05-25,0,0.0
1097,Commercial,NY,82,1535.04,2023-06-20,0,0.0
1098,Home,NC,64,1042.55,2023-09-13,1,1145.65
1099,Auto,PA,20,846.29,2023-04-03,0,0.0
1100,Commercial,GA,18,3633.3,2022-04-10,0,0.0
1101,Commercial,MI,22,2029.44,2023-07-25,0,0.0
1102,Home,CA,31,3761.45,2023-11-23,0,0.0
1103,Auto,NC,44,794.1,2023-03-08,0,0.0
1104,Auto,FL,26,1918.81,2023-05-04,0,0.0
1105,Home,CA,32,2927.71,2022-10-13,1,2081.48
1106,Life,FL,59,4058.25,2023-09-26,0,0.0
1107,Life,OH,68,1934.39,2022-07-03,0,0.0
1108,Commercial,GA,80,3316.51,2023-12-29,0,0.0
1109,Commercial,MI,69,4486.9,2023-08-02,1,6206.52
1110,Life,CA,21,3271.38,2023-01-10,0,0.0
1111,Life,OH,40,1548.32,2023-09-08,0,0.0
1112,Life,MI,32,609.8,2024-02-21,0,0.0
1113,Commercial,IL,60,4415.44,2023-09-16,0,0.0
1114,Commercial,IL,46,595.71,2023-06-24,0,0.0
1115,Auto,TX,53,4436.16,2022-12-21,0,0.0
1116,Commercial,CA,30,2880.22,2023-06-28,0,0.0
1117,Commercial,GA,49,4725.8,2023-11-14,0,0.0
1118,Home,PA,76,4094.52,2023-04-03,1,4296.59
1119,Home,IL,45,4990.7,2023-01-11,1,5484.29
1120,Auto,NY,83,2078.2,2022-04-10,0,0.0
1121,Auto,GA,59,3952.35,2024-01-22,0,0.0
1122,Auto,NC,62,2308.69,2022-08-01,0,0.0
1123,Commercial,GA,79,2659.44,2022-11-20,0,0.0
1124,Commercial,IL,74,3323.77,2023-11-24,0,0.0
1125,Commercial,FL,23,4431.55,2023-12-01,0,0.0
1126,Auto,TX,45,4928.38,2023-05-24,0,0.0
1127,Commercial,TX,45,3957.23,2023-03-23,1,5128.69
1128,Auto,NY,61,2379.95,2024-02-16,0,0.0
1129,Commercial,IL,47,2396.11,2023-10-20,0,0.0
1130,Home,CA,79,3819.12,2022-11-18,0,0.0
1131,Life,PA,79,1574.5,2022-11-24,0,0.0
1132,Commercial,GA,18,997.13,2022-08-30,0,0.0
1133,Home,CA,44,2095.8,2023-07-27,0,0.0
1134,Commercial,MI,79,1792.58,2023-11-28,0,0.0
1135,Auto,IL,20,1833.39,2022-04-25,0,0.0
1136,Life,TX,44,1551.23,2022-04-30,0,0.0
1137,Commercial,FL,26,689.42,2023-02-15,0,0.0
1138,Auto,NY,79,580.43,2022-09-20,1,311.21
1139,Home,NY,54,4944.75,2022-03-24,1,6005.44
1140,Home,GA,68,2424.98,2022-07-13,1,790.66
1141,Commercial,NY,61,2229.47,2022-06-24,0,0.0
1142,Auto,PA,41,3558.41,2022-03-24,0,0.0
1143,Life,CA,76,1482.14,2023-11-30,1,833.23
1144,Auto,TX,49,4774.83,2022-05-17,0,0.0
1145,Home,OH,69,4038.55,2022-07-18,0,0.0
1146,Life,MI,79,902.35,2022-11-29,0,0.0
1147,Commercial,OH,75,2379.11,2022-07-13,0,0.0
1148,Home,OH,69,4456.03,2023-04-26,1,2309.67
1149,Life,GA,29,4751.29,2024-02-16,0,0.0
1150,Home,TX,56,2603.31,2022-12-04,0,0.0
1151,Commercial,MI,19,3260.35,2023-05-12,0,0.0
1152,Commercial,MI,20,1251.65,2022-03-13,0,0.0
1153,Auto,FL,73,4960.26,2023-09-28,1,7282.76
1154,Auto,PA,76,1542.52,2023-09-22,0,0.0
1155,Home,IL,19,4742.29,2022-01-05,0,0.0
1156,Home,CA,19,3423.41,2022-08-20,1,4412.76
1157,Auto,GA,71,3234.82,2023-10-06,0,0.0
1158,Commercial,GA,18,2807.1,2023-09-05,0,0.0
1159,Life,PA,36,1538.01,2022-02-21,0,0.0
1160,Life,OH,19,1294.38,2022-08-27,0,0.0
1161,Commercial,NC,70,1492.19,2022-10-05,0,0.0
1162,Home,IL,61,1338.97,2022-01-11,0,0.0
1163,Auto,IL,49,4008.13,2023-03-23,0,0.0
1164,Auto,GA,49,2075.56,2023-10-30,0,0.0
1165,Auto,IL,72,760.29,2022-03-01,1,829.52
1166,Commercial,MI,73,4860.96,2023-04-09,0,0.0
1167,Life,MI,34,4477.04,2023-05-26,0,0.0
1168,Life,GA,55,4674.89,2022-03-18,0,0.0
1169,Commercial,MI,41,4977.09,2023-01-15,0,0.0
1170,Auto,NY,28,1282.53,2022-09-20,0,0.0
1171,Auto,NC,33,2283.09,2022-02-24,1,2517.2
1172,Auto,OH,76,3912.07,2023-07-27,1,3342.09
1173,Commercial,NY,20,3632.09,2023-12-30,0,0.0
1174,Life,IL,37,1192.53,2023-08-01,1,1699.44
1175,Home,CA,76,4171.25,2022-02-28,0,0.0
1176,Commercial,MI,53,1509.98,2023-06-08,0,0.0
1177,Auto,OH,36,1507.18,2023-06-13,0,0.0
1178,Life,FL,84,2916.38,2023-06-19,1,2221.29
1179,Home,CA,36,3168.23,2023-05-19,0,0.0
1180,Home,GA,37,3110.39,2022-02-28,0,0.0
1181,Life,CA,69,911.69,2022-06-10,0,0.0
1182,Life,NY,50,4448.57,2022-02-14,0,0.0
1183,Auto,MI,57,1695.2,2023-04-07,0,0.0
1184,Home,CA,56,1082.82,2022-09-11,1,680.0
1185,Commercial,MI,18,4499.37,2023-06-02,1,1184.03
1186,Commercial,CA,28,4800.43,2023-12-18,0,0.0
1187,Commercial,NY,74,4379.57,2022-01-08,1,5186.24
1188,Auto,NY,67,4142.82,2022-10-31,0,0.0
1189,Commercial,IL,40,3448.59,2022-09-24,1,3825.75
1190,Life,GA,48,2978.86,2023-04-12,0,0.0
1191,Auto,MI,59,891.44,2023-09-04,0,0.0
1192,Auto,CA,24,2338.04,2023-10-04,0,0.0
1193,Auto,OH,33,2177.1,2023-06-18,1,1316.73
1194,Home,CA,77,1668.89,2022-02-21,0,0.0
1195,Life,GA,19,3755.39,2023-06-10,0,0.0
1196,Commercial,NY,18,2731.44,2024-01-20,0,0.0
1197,Home,TX,65,864.71,2023-03-18,0,0.0
1198,Home,GA,29,1490.82,2023-07-17,0,0.0
1199,Commercial,CA,54,3574.66,2023-03-14,0,0.0
1200,Life,NC,49,842.59,2023-05-13,1,129.32
1201,Auto,TX,26,4330.43,2023-10-16,0,0.0
1202,Auto,NC,36,2728.16,2023-06-02,0,0.0
1203,Life,PA,65,2662.64,2023-03-19,0,0.0
1204,Life,GA,20,3165.84,2022-03-02,1,4000.3
1205,Home,PA,37,4211.06,2023-09-09,1,170.98
1206,Auto,OH,41,2065.14,2023-02-20,0,0.0
1207,Auto,OH,71,3551.07,2022-07-07,0,0.0
1208,Home,OH,50,3045.79,2023-10-04,0,0.0
1209,Home,OH,41,1701.63,2023-01-25,0,0.0
1210,Home,PA,53,4453.83,2023-07-13,1,4730.87
1211,Commercial,CA,55,4088.42,2023-10-22,0,0.0
1212,Life,NC,42,3463.03,2023-02-28,0,0.0
1213,Home,GA,35,4327.62,2023-03-16,0,0.0
1214,Commercial,NC,83,4402.82,2023-05-28,1,6410.78
1215,Life,GA,71,3687.63,2023-10-12,0,0.0
1216,Home,OH,52,4266.56,2022-10-09,0,0.0
1217,Life,NY,78,3638.62,2022-09-04,0,0.0
1218,Life,TX,58,3560.63,2022-06-23,1,2393.76
1219,Home,TX,50,3283.75,2023-10-01,0,0.0
1220,Home,NY,50,3887.22,2023-10-26,0,0.0
1221,Auto,FL,31,1213.72,2024-02-06,0,0.0
1222,Life,NC,38,4463.92,2022-12-02,0,0.0
1223,Commercial,NY,65,4423.3,2022-10-25,0,0.0
1224,Auto,MI,37,631.61,2022-05-12,0,0.0
1225,Commercial,NC,25,4216.18,2023-03-13,0,0.0
1226,Home,PA,24,1079.91,2023-07-13,0,0.0
1227,Commercial,MI,84,2008.03,2024-01-18,0,0.0
1228,Life,FL,34,3845.79,2023-12-25,1,1431.99
1229,Auto,IL,50,1223.42,2022-12-30,0,0.0
1230,Home,OH,65,4180.85,2022-01-10,1,4449.95
1231,Commercial,CA,76,4244.6,2022-01-05,0,0.0
1232,Auto,MI,39,2783.6,2024-01-28,0,0.0
1233,Home,FL,47,528.74,2023-06-01,0,0.0
1234,Home,NY,55,1791.67,2023-06-05,0,0.0
1235,Home,GA,68,3276.17,2022-12-23,0,0.0
1236,Commercial,NC,71,4915.34,2023-09-05,0,0.0
1237,Home,CA,25,3343.16,2022-09-07,0,0.0
1238,Auto,MI,44,1669.12,2022-08-14,1,2064.11
1239,Auto,NY,44,3353.03,2023-11-18,0,0.0
1240,Commercial,OH,38,2929.93,2024-01-02,1,2446.86
1241,Life,CA,47,4009.3,2024-01-12,0,0.0
1242,Life,NC,45,981.41,2022-12-22,0,0.0
1243,Auto,FL,81,3924.63,2023-11-10,0,0.0
1244,Auto,CA,78,2935.7,2023-10-06,0,0.0
1245,Life,PA,65,4833.46,2024-01-22,0,0.0
1246,Auto,FL,36,2038.42,2022-07-07,0,0.0
1247,Commercial,IL,21,3346.8,2022-03-06,0,0.0
1248,Life,TX,52,4694.13,2022-01-10,0,0.0
1249,Home,GA,81,961.29,2023-10-22,0,0.0
1250,Life,CA,66,4717.53,2023-04-23,1,6846.32
1251,Auto,NC,34,3595.49,2022-06-03,1,373.49
1252,Home,TX,61,805.27,2022-09-14,0,0.0
1253,Auto,NC,47,1854.34,2023-11-23,0,0.0
1254,Commercial,MI,63,3686.77,2022-05-09,0,0.0
1255,Auto,NC,23,803.08,2023-08-20,0,0.0
1256,Auto,FL,54,3119.77,2022-07-18,1,2411.79
1257,Home,OH,41,2056.47,2022-05-12,0,0.0
1258,Commercial,TX,63,3294.12,2023-05-27,0,0.0
1259,Home,FL,70,705.84,2023-12-24,0,0.0
1260,Life,CA,77,4421.92,2023-03-29,0,0.0
1261,Commercial,CA,80,4880.7,2023-01-08,0,0.0
1262,Life,OH,49,4859.95,2022-08-22,1,5265.63
1263,Home,FL,50,3873.43,2023-11-11,0,0.0
1264,Commercial,PA,84,1085.39,2022-09-03,0,0.0
1265,Life,NC,35,3912.18,2023-08-08,1,5075.94
1266,Home,PA,42,610.64,2022-10-03,0,0.0
1267,Commercial,CA,71,599.56,2023-04-30,0,0.0
1268,Auto,TX,75,1956.25,2023-07-13,0,0.0
1269,Home,OH,84,2698.89,2023-03-21,0,0.0
1270,Commercial,FL,63,3966.83,2023-01-02,1,1148.69
1271,Home,IL,41,3574.83,2022-07-17,0,0.0
1272,Commercial,GA,49,2506.56,2022-02-07,1,3027.88
1273,Life,GA,64,1731.32,2023-05-15,0,0.0
1274,Home,OH,40,4987.06,2023-10-31,1,4179.3
1275,Home,IL,83,2417.82,2024-01-12,0,0.0
1276,Home,NY,44,2531.24,2024-01-19,1,1566.0
1277,Home,FL,19,1236.31,2024-01-30,0,0.0
1278,Commercial,NY,34,4076.64,2023-07-28,1,892.26
1279,Life,NC,50,3621.57,2023-01-08,0,0.0
1280,Commercial,OH,26,1493.46,2023-08-03,0,0.0
1281,Commercial,PA,60,870.71,2023-09-28,1,1143.6
1282,Auto,FL,65,3562.25,2022-05-25,0,0.0
1283,Life,NY,56,3445.3,2024-01-31,1,897.05
1284,Auto,PA,59,1729.67,2023-12-08,0,0.0
1285,Home,NY,43,4778.89,2022-02-06,0,0.0
1286,Life,PA,67,1179.76,2022-11-04,0,0.0
1287,Home,OH,42,2445.51,2023-11-21,0,0.0
1288,Commercial,FL,41,4746.27,2022-06-22,0,0.0
1289,Auto,GA,30,2388.77,2022-05-11,0,0.0
1290,Life,NY,77,3373.37,2022-03-11,0,0.0
1291,Commercial,MI,24,2289.17,2022-10-19,0,0.0
1292,Auto,TX,74,1733.97,2022-06-20,0,0.0
1293,Home,MI,53,4927.9,2022-03-07,0,0.0
1294,Auto,FL,62,2342.0,2023-10-11,0,0.0
1295,Life,PA,37,4523.45,2022-05-17,0,0.0
1296,Home,NY,82,1534.8,2023-07-17,0,0.0
1297,Home,CA,25,1458.97,2024-02-11,1,746.98
1298,Life,CA,33,640.1,2023-07-01,1,349.48
1299,Auto,MI,31,3432.5,2022-08-12,0,0.0
1300,Home,GA,32,2158.37,2022-05-07,0,0.0
1301,Auto,OH,83,4389.61,2023-02-09,1,5750.61
1302,Life,CA,49,2629.44,2024-02-08,0,0.0
1303,Commercial,FL,80,4856.87,2023-12-31,0,0.0
1304,Home,PA,68,1334.86,2024-02-29,0,0.0
1305,Home,FL,42,4408.8,2022-03-10,0,0.0
1306,Commercial,IL,75,3994.69,2023-07-11,0,0.0
1307,Home,PA,80,3969.15,2023-05-13,0,0.0
1308,Auto,NC,79,4301.52,2022-01-30,1,4373.2
1309,Commercial,OH,39,3924.61,2022-03-15,1,4710.33
1310,Commercial,OH,75,3317.99,2023-12-07,0,0.0
1311,Auto,OH,75,1090.6,2024-02-14,0,0.0
1312,Commercial,NY,66,646.37,2022-06-15,1,317.8
1313,Commercial,PA,69,4643.82,2022-06-12,0,0.0
1314,Home,NY,59,3274.93,2023-12-31,0,0.0
1315,Home,NC,32,4084.42,2024-01-12,0,0.0
1316,Home,CA,71,2666.85,2022-05-02,1,2537.18
1317,Life,NY,77,1027.89,2023-11-01,0,0.0
1318,Auto,GA,25,1063.34,2023-04-06,1,954.77
1319,Commercial,TX,70,3585.04,2023-08-24,1,4495.31
1320,Life,MI,77,2436.38,2023-05-20,0,0.0
1321,Life,GA,22,1402.36,2024-02-02,0,0.0
1322,Auto,IL,23,2712.18,2023-08-19,0,0.0
1323,Life,NC,64,788.94,2023-12-27,0,0.0
1324,Life,CA,72,3118.87,2022-02-16,0,0.0
1325,Life,GA,57,1710.47,2022-04-24,0,0.0
1326,Commercial,GA,69,4089.02,2022-12-06,0,0.0
1327,Home,MI,33,1896.63,2023-05-06,1,2587.16
1328,Auto,PA,30,2548.49,2022-11-22,0,0.0
1329,Life,OH,47,552.29,2022-04-04,0,0.0
1330,Commercial,MI,36,826.01,2022-12-10,0,0.0
1331,Auto,OH,34,2266.22,2022-06-07,0,0.0
1332,Commercial,TX,80,2659.72,2022-02-17,0,0.0
1333,Auto,NY,36,3200.09,2022-08-22,0,0.0
1334,Commercial,NY,75,1812.48,2022-09-14,0,0.0
1335,Auto,PA,72,3627.42,2023-12-28,0,0.0
1336,Life,CA,79,4370.55,2022-10-10,0,0.0
1337,Commercial,CA,40,4009.33,2023-10-24,0,0.0
1338,Home,FL,26,678.28,2023-03-15,0,0.0
1339,Auto,TX,29,2662.28,2023-08-07,1,147.33
1340,Commercial,FL,18,972.19,2022-07-18,0,0.0
1341,Auto,TX,75,1589.2,2024-01-10,0,0.0
1342,Commercial,TX,18,4939.98,2022-09-24,0,0.0
1343,Auto,MI,51,1141.23,2022-07-02,0,0.0
1344,Home,CA,65,2745.0,2022-11-19,0,0.0
1345,Home,CA,18,3281.7,2023-07-17,0,0.0
1346,Life,NC,33,3661.09,2022-03-16,0,0.0
1347,Auto,NY,78,3018.42,2023-10-27,0,0.0
1348,Life,OH,81,543.97,2023-11-04,0,0.0
1349,Home,NY,80,1969.08,2023-06-29,0,0.0
1350,Home,CA,39,2829.7,2023-06-10,0,0.0
1351,Home,NY,84,895.4,2022-07-05,1,937.87
1352,Auto,IL,43,2077.82,2023-04-24,0,0.0
1353,Life,FL,33,649.41,2022-03-03,0,0.0
1354,Home,NC,68,853.6,2022-03-26,0,0.0
1355,Life,NY,74,2286.15,2022-06-23,0,0.0
1356,Life,TX,46,1097.22,2023-01-26,0,0.0
1357,Home,IL,64,3053.93,2022-01-21,0,0.0
1358,Auto,MI,79,3602.59,2022-11-14,0,0.0
1359,Commercial,NY,33,4102.64,2022-08-07,0,0.0
1360,Home,MI,65,1400.68,2022-01-26,0,0.0
1361,Home,CA,56,1253.67,2023-10-24,0,0.0
1362,Commercial,MI,50,970.56,2023-08-25,0,0.0
1363,Commercial,TX,40,3363.94,2023-07-10,0,0.0
1364,Home,GA,27,3679.14,2022-09-20,0,0.0
1365,Home,MI,51,642.14,2023-11-06,1,144.75
1366,Home,OH,69,4712.96,2022-03-13,0,0.0
1367,Home,TX,27,733.87,2023-07-13,0,0.0
1368,Auto,OH,36,2935.83,2022-02-09,0,0.0
1369,Life,IL,75,3690.77,2022-11-29,1,3083.68
1370,Home,OH,18,4419.36,2023-01-11,0,0.0
1371,Life,TX,21,3713.39,2023-04-06,0,0.0
1372,Commercial,CA,33,4107.78,2022-08-12,0,0.0
1373,Commercial,PA,41,2027.53,2022-09-18,0,0.0
1374,Home,NY,19,4166.71,2023-12-06,0,0.0
1375,Life,IL,49,860.52,2023-11-16,0,0.0
1376,Auto,IL,41,4526.67,2023-02-27,1,2024.26
1377,Life,CA,29,2964.17,2023-08-12,0,0.0
1378,Commercial,NC,67,4177.84,2022-11-27,0,0.0
1379,Auto,IL,52,2535.43,2023-10-16,1,1236.04
1380,Commercial,OH,50,3396.1,2023-07-03,0,0.0
1381,Commercial,PA,50,2868.81,2023-08-10,0,0.0
1382,Commercial,NY,78,3792.15,2022-02-25,0,0.0
1383,Life,OH,68,867.33,2023-12-07,0,0.0
1384,Commercial,GA,60,771.58,2024-02-09,0,0.0
1385,Auto,OH,29,1611.96,2023-05-16,1,918.14
1386,Auto,IL,84,1217.95,2023-11-28,0,0.0
1387,Home,OH,82,4423.03,2023-11-15,0,0.0
1388,Auto,IL,50,1486.46,2022-08-20,0,0.0
1389,Home,NY,57,4891.39,2022-01-17,1,4596.35
1390,Life,OH,60,2016.03,2023-11-28,1,1076.78
1391,Auto,NC,61,1319.53,2022-09-02,1,1476.96
1392,Commercial,FL,46,4053.64,2023-01-18,0,0.0
1393,Auto,TX,30,3464.18,2022-08-29,0,0.0
1394,Home,MI,29,2741.88,2022-03-25,0,0.0
1395,Commercial,MI,63,2999.14,2022-01-28,0,0.0
1396,Commercial,NC,19,3736.41,2023-09-11,0,0.0
1397,Home,NC,52,1528.05,2022-09-24,0,0.0
1398,Auto,NY,25,4983.5,2022-11-01,0,0.0
1399,Commercial,NC,43,4886.57,2022-12-18,0,0.0
1400,Life,TX,51,3426.47,2023-10-04,0,0.0
1401,Commercial,NC,24,1397.94,2023-09-12,0,0.0
1402,Auto,OH,75,3561.03,2022-04-04,0,0.0
1403,Commercial,CA,46,824.89,2022-02-13,0,0.0
1404,Commercial,NC,53,637.94,2023-09-03,0,0.0
1405,Auto,OH,38,1659.57,2022-11-21,0,0.0
1406,Home,FL,53,2581.8,2022-04-17,0,0.0
1407,Home,MI,27,4407.23,2023-03-27,0,0.0
1408,Life,OH,41,3772.26,2022-06-14,0,0.0
1409,Commercial,PA,81,3842.18,2022-04-21,1,2390.95
1410,Home,TX,66,2414.72,2023-05-25,0,0.0
1411,Commercial,OH,53,2056.71,2022-10-18,0,0.0
1412,Life,PA,41,2169.67,2022-09-11,0,0.0
1413,Home,NC,40,4944.42,2023-11-16,0,0.0
1414,Commercial,GA,79,680.49,2023-11-08,0,0.0
1415,Home,NY,54,4401.64,2022-09-07,0,0.0
1416,Home,OH,29,3104.04,2023-02-23,1,411.42
1417,Home,MI,72,2473.77,2022-10-11,0,0.0
1418,Life,NC,30,3763.66,2023-04-08,1,4446.33
1419,Auto,OH,40,2690.01,2023-05-14,0,0.0
1420,Commercial,GA,47,4430.4,2023-06-05,0,0.0
1421,Commercial,PA,34,4553.16,2022-09-11,1,2023.08
1422,Commercial,OH,79,2397.74,2022-10-10,0,0.0
1423,Home,FL,30,1745.73,2023-03-03,0,0.0
1424,Home,GA,76,3165.58,2022-02-23,0,0.0
1425,Auto,GA,36,4605.64,2022-08-26,0,0.0
1426,Auto,TX,66,1447.98,2023-09-12,0,0.0
1427,Commercial,NY,29,3303.35,2023-11-21,0,0.0
1428,Auto,OH,78,3342.02,2022-11-05,0,0.0
1429,Life,GA,36,3799.01,2022-02-22,0,0.0
1430,Auto,NY,26,1092.05,2023-01-14,0,0.0
1431,Commercial,IL,45,3721.21,2022-02-17,0,0.0
1432,Home,NC,69,4590.65,2022-11-25,0,0.0
1433,Home,PA,33,1308.57,2022-09-02,0,0.0
1434,Commercial,OH,29,1568.94,2022-09-20,0,0.0
1435,Auto,GA,42,4871.28,2022-05-10,0,0.0
1436,Auto,NC,69,1314.4,2023-06-20,1,909.97
1437,Commercial,OH,70,4344.73,2022-06-16,0,0.0
1438,Auto,NY,40,2715.25,2023-05-25,0,0.0
1439,Auto,FL,33,1612.54,2023-12-19,0,0.0
1440,Life,MI,74,4418.37,2023-12-06,0,0.0
1441,Life,TX,56,2503.87,2022-08-18,0,0.0
1442,Auto,FL,70,2816.68,2023-05-03,0,0.0
1443,Commercial,PA,59,2116.55,2022-03-20,0,0.0
1444,Auto,MI,75,3168.28,2022-01-16,0,0.0
1445,Home,PA,56,1235.86,2022-07-17,1,1302.12
1446,Auto,PA,31,2259.87,2023-01-05,1,1193.72
1447,Home,MI,22,4862.36,2023-05-11,1,507.05
1448,Life,NC,52,1661.6,2024-02-11,0,0.0
1449,Home,NY,35,3455.31,2022-07-27,0,0.0
1450,Auto,NC,26,1963.36,2022-11-19,0,0.0
1451,Life,NC,75,3980.63,2022-05-17,0,0.0
1452,Commercial,PA,34,1088.93,2023-10-27,0,0.0
1453,Auto,NC,24,4864.19,2023-10-14,0,0.0
1454,Life,TX,63,2542.05,2022-06-13,0,0.0
1455,Auto,GA,30,1562.23,2024-02-28,0,0.0
1456,Life,CA,57,830.74,2022-07-12,0,0.0
1457,Life,NY,59,1263.91,2023-11-21,0,0.0
1458,Life,GA,26,2838.98,2022-04-14,0,0.0
1459,Commercial,CA,67,2016.51,2022-03-19,1,1193.63
1460,Auto,NC,44,4229.98,2023-03-01,0,0.0
1461,Life,OH,83,2438.99,2022-07-08,0,0.0
1462,Auto,CA,22,1619.21,2022-09-07,0,0.0
1463,Home,TX,46,3277.15,2022-01-28,0,0.0
1464,Life,TX,54,3680.5,2023-11-15,0,0.0
1465,Home,OH,55,1251.69,2022-12-02,0,0.0
1466,Life,TX,25,1254.29,2023-09-08,0,0.0
1467,Home,NC,82,665.02,2023-04-08,0,0.0
1468,Commercial,NC,34,3813.81,2022-11-06,0,0.0
1469,Auto,MI,62,3487.12,2022-11-01,0,0.0
1470,Home,FL,21,2635.84,2022-04-10,0,0.0
1471,Home,FL,53,4298.77,2022-10-03,0,0.0
1472,Auto,CA,48,4125.52,2023-12-09,0,0.0
1473,Auto,NC,36,3134.09,2022-05-27,1,4445.54
1474,Commercial,CA,78,4407.22,2024-01-04,0,0.0
1475,Auto,CA,71,1426.29,2023-10-02,0,0.0
1476,Home,NY,56,1003.64,2022-11-27,0,0.0
1477,Commercial,NY,36,1713.87,2023-12-03,0,0.0
1478,Home,TX,56,756.89,2022-09-11,0,0.0
1479,Life,OH,84,2890.26,2022-02-10,0,0.0
1480,Life,PA,62,4714.73,2024-01-31,1,4574.23
1481,Commercial,OH,30,677.05,2024-01-13,0,0.0
1482,Life,FL,75,1049.49,2023-12-16,0,0.0
1483,Life,MI,37,2534.9,2022-04-16,0,0.0
1484,Commercial,CA,78,4702.44,2022-03-10,0,0.0
1485,Commercial,NY,56,1922.7,2023-02-01,0,0.0
1486,Life,FL,18,2782.56,2023-05-29,0,0.0
1487,Auto,NY,20,687.08,2023-04-27,0,0.0
1488,Auto,IL,79,1167.54,2023-02-27,0,0.0
1489,Auto,CA,80,4939.84,2023-06-12,0,0.0
1490,Life,FL,42,4843.03,2022-03-16,1,4910.84
1491,Commercial,FL,73,522.23,2022-04-24,0,0.0
1492,Auto,OH,50,4783.15,2022-06-07,1,4573.22
1493,Auto,NC,55,3376.04,2024-02-20,0,0.0
1494,Home,FL,23,4405.63,2024-01-17,1,1395.13
1495,Life,NY,75,2546.33,2024-02-06,0,0.0
1496,Auto,OH,61,2820.18,2022-05-17,1,1827.83
1497,Life,MI,62,2699.81,2022-06-19,1,3066.0
1498,Home,OH,49,3500.89,2022-06-08,0,0.0
1499,Home,GA,62,1128.43,2022-10-21,1,261.45
1500,Auto,TX,78,634.88,2023-07-03,0,0.0
1501,Auto,PA,64,1885.68,2023-04-05,0,0.0
1502,Commercial,IL,38,3671.06,2022-12-27,0,0.0
1503,Home,MI,53,1408.34,2022-02-04,0,0.0
1504,Life,FL,36,3530.45,2022-07-31,0,0.0
1505,Commercial,PA,37,4864.6,2023-08-05,0,0.0
1506,Auto,FL,74,922.55,2023-10-21,0,0.0
1507,Life,NY,35,3526.71,2024-02-19,0,0.0
1508,Home,CA,64,2496.88,2022-02-13,1,1112.86
1509,Life,GA,66,4406.64,2023-02-15,0,0.0
1510,Home,MI,31,1297.17,2023-12-08,0,0.0
1511,Home,OH,32,3616.82,2023-03-14,0,0.0
1512,Life,OH,48,4271.52,2022-11-26,0,0.0
1513,Commercial,NY,18,4750.76,2023-05-28,0,0.0
1514,Home,GA,71,3574.62,2023-09-19,0,0.0
1515,Life,CA,20,2737.29,2023-06-09,0,0.0
1516,Auto,CA,33,3280.31,2022-06-15,1,1431.99
1517,Auto,PA,74,4410.07,2022-03-02,0,0.0
1518,Life,GA,29,3067.74,2022-05-20,0,0.0
1519,Life,GA,33,636.74,2023-12-16,0,0.0
1520,Auto,TX,41,4689.27,2022-02-12,0,0.0
1521,Home,OH,45,3602.87,2022-07-24,0,0.0
1522,Commercial,MI,25,3544.31,2023-04-23,0,0.0
1523,Life,FL,53,1470.54,2022-05-28,0,0.0
1524,Home,NY,25,3464.98,2022-11-06,0,0.0
1525,Life,CA,75,2272.39,2023-07-16,1,1529.37
1526,Commercial,IL,77,3430.55,2022-06-30,1,5046.77
1527,Auto,GA,67,979.67,2023-06-08,0,0.0
1528,Commercial,NY,45,3460.3,2023-10-06,0,0.0
1529,Home,MI,58,4997.36,2023-05-02,0,0.0
1530,Auto,NC,81,716.95,2022-04-14,0,0.0
1531,Auto,NY,44,4897.28,2023-06-20,0,0.0
1532,Commercial,GA,80,2331.09,2024-01-29,0,0.0
1533,Auto,NC,34,4418.39,2022-05-15,0,0.0
1534,Home,IL,50,4020.73,2024-01-26,0,0.0
1535,Auto,GA,46,3051.57,2022-10-22,0,0.0
1536,Life,FL,30,3823.02,2022-09-10,1,480.35
1537,Commercial,GA,63,4453.32,2022-12-19,1,3513.04
1538,Commercial,OH,52,2318.63,2022-03-01,0,0.0
1539,Home,OH,23,1971.65,2023-04-23,0,0.0
1540,Commercial,OH,64,3504.17,2023-05-28,1,1024.85
1541,Commercial,CA,42,4135.31,2022-10-08,0,0.0
1542,Home,PA,83,3930.28,2022-10-23,0,0.0
1543,Life,GA,27,4090.16,2022-07-30,0,0.0
1544,Life,TX,73,2460.12,2022-12-18,0,0.0
1545,Life,TX,47,4180.25,2022-03-09,0,0.0
1546,Life,TX,22,1040.94,2023-05-27,1,1518.56
1547,Auto,NC,50,2950.2,2022-04-14,1,590.07
1548,Commercial,PA,82,525.91,2023-12-11,0,0.0
1549,Auto,OH,35,1960.64,2022-10-26,0,0.0
1550,Commercial,NY,66,2149.08,2022-10-30,1,1360.7
1551,Auto,CA,28,2282.78,2022-07-10,0,0.0
1552,Life,NY,43,3629.6,2022-05-12,1,4043.55
1553,Auto,NY,80,2248.51,2023-08-05,0,0.0
1554,Commercial,GA,76,2519.12,2022-03-12,0,0.0
1555,Auto,NC,44,1568.95,2022-07-06,0,0.0
1556,Life,OH,66,2179.63,2022-05-05,0,0.0
1557,Life,TX,50,1522.71,2024-02-16,0,0.0
1558,Auto,PA,18,829.38,2023-07-23,0,0.0
1559,Home,CA,38,3215.52,2022-03-14,0,0.0
1560,Auto,GA,72,3506.96,2022-08-22,0,0.0
1561,Life,FL,23,3287.71,2023-03-09,0,0.0
1562,Commercial,OH,22,2585.72,2023-06-01,1,2762.22
1563,Life,IL,20,2209.04,2022-07-24,1,1458.46
1564,Home,GA,70,4385.0,2022-06-12,0,0.0
1565,Home,FL,40,2835.87,2022-12-15,1,1539.39
1566,Commercial,FL,70,2656.32,2022-02-23,0,0.0
1567,Auto,NC,54,615.39,2023-12-18,0,0.0
1568,Life,NC,34,2035.62,2022-11-07,1,1274.32
1569,Commercial,GA,18,2210.88,2023-03-04,0,0.0
1570,Life,FL,68,2294.7,2023-08-27,0,0.0
1571,Home,OH,62,3110.78,2023-12-29,1,1306.73
1572,Commercial,FL,21,2901.21,2022-10-26,0,0.0
1573,Auto,GA,79,3235.57,2023-12-10,1,1076.02
1574,Home,TX,82,3941.97,2023-06-30,1,2907.89
1575,Home,GA,49,4158.44,2023-04-10,0,0.0
1576,Auto,FL,51,3731.55,2023-02-05,1,1576.22
1577,Auto,MI,56,4799.86,2023-07-28,0,0.0
1578,Auto,IL,43,582.05,2022-06-30,0,0.0
1579,Auto,FL,51,1381.0,2023-03-10,0,0.0
1580,Commercial,NC,71,534.03,2022-11-29,1,301.52
1581,Auto,OH,20,3413.64,2023-01-30,0,0.0
1582,Auto,NY,67,4541.14,2022-11-10,0,0.0
1583,Commercial,FL,29,1595.67,2023-05-30,0,0.0
1584,Home,FL,82,4671.66,2023-01-23,0,0.0
1585,Home,NY,71,771.2,2022-10-24,0,0.0
1586,Home,NY,22,4704.96,2022-07-12,0,0.0
1587,Auto,MI,74,2082.3,2022-09-30,0,0.0
1588,Commercial,IL,34,956.39,2022-03-10,0,0.0
1589,Commercial,NC,64,2686.42,2023-10-27,1,2680.81
1590,Home,NY,40,1655.49,2023-05-02,0,0.0
1591,Life,GA,31,1781.93,2024-01-09,0,0.0
1592,Home,CA,83,1882.8,2023-03-04,1,2738.49
1593,Life,MI,68,4113.62,2023-05-05,0,0.0
1594,Home,FL,55,2926.23,2022-09-28,1,2689.21
1595,Home,TX,81,1900.88,2023-04-03,0,0.0
1596,Commercial,TX,55,3246.5,2023-05-17,1,467.17
1597,Commercial,NY,67,3722.68,2023-08-12,0,0.0
1598,Commercial,CA,47,1726.81,2023-04-15,0,0.0
1599,Life,FL,68,2360.97,2023-05-14,0,0.0
1600,Life,MI,80,1048.49,2022-11-13,1,211.31
1601,Life,GA,69,1315.17,2022-09-12,0,0.0
1602,Commercial,GA,55,3565.03,2022-11-23,0,0.0
1603,Auto,TX,47,1316.47,2023-02-09,0,0.0
1604,Auto,MI,68,2863.24,2022-06-01,0,0.0
1605,Commercial,NY,22,3690.71,2022-11-21,0,0.0
1606,Auto,FL,46,980.95,2022-04-28,0,0.0
1607,Auto,FL,21,3052.9,2022-02-17,1,4361.76
1608,Commercial,NC,27,1654.53,2022-03-02,0,0.0
1609,Auto,GA,73,4833.17,2023-03-13,0,0.0
1610,Home,TX,34,2675.96,2023-10-07,0,0.0
1611,Commercial,MI,34,4126.97,2022-11-26,0,0.0
1612,Commercial,IL,51,2976.02,2023-08-17,0,0.0
1613,Commercial,FL,23,695.36,2023-02-21,0,0.0
1614,Auto,CA,70,3349.18,2023-10-02,0,0.0
1615,Life,MI,83,4781.32,2022-09-07,0,0.0
1616,Commercial,NY,60,3207.25,2023-09-08,0,0.0
1617,Home,FL,40,4186.35,2022-08-04,1,1937.12
1618,Commercial,CA,72,4478.93,2022-02-17,1,709.34
1619,Auto,PA,33,1526.36,2022-02-28,0,0.0
1620,Commercial,CA,25,1454.2,2022-10-14,1,1346.79
1621,Life,OH,21,3249.41,2022-05-03,0,0.0
1622,Life,NY,21,2349.63,2022-06-25,0,0.0
1623,Commercial,OH,73,4279.38,2022-06-07,0,0.0
1624,Commercial,MI,42,4550.1,2023-02-17,0,0.0
1625,Auto,TX,84,2090.4,2022-03-12,0,0.0
1626,Auto,OH,84,1565.92,2023-09-11,0,0.0
1627,Commercial,TX,44,4012.36,2024-01-01,0,0.0
1628,Life,IL,49,1736.63,2023-09-07,0,0.0
1629,Life,FL,67,4201.76,2023-02-26,0,0.0
1630,Auto,GA,78,2406.82,2022-08-02,0,0.0
1631,Commercial,CA,68,3503.97,2022-04-21,0,0.0
1632,Auto,IL,36,929.91,2023-09-21,0,0.0
1633,Auto,GA,38,3307.37,2022-08-08,1,3131.59
1634,Life,NC,22,2532.95,2023-10-13,1,2499.09
1635,Life,NY,59,3139.74,2023-03-13,0,0.0
1636,Commercial,MI,78,1256.06,2023-09-22,1,577.07
1637,Life,NC,39,3815.93,2022-01-26,0,0.0
1638,Home,PA,38,4382.59,2022-01-01,0,0.0
1639,Commercial,GA,18,1475.33,2022-02-26,0,0.0
1640,Home,FL,22,930.72,2023-01-27,0,0.0
1641,Auto,NY,29,606.37,2023-05-31,1,112.23
1642,Commercial,TX,63,3388.87,2023-11-16,0,0.0
1643,Home,NC,51,3231.92,2022-11-13,0,0.0
1644,Auto,MI,66,2960.14,2022-03-13,0,0.0
1645,Auto,CA,62,1543.76,2022-08-22,0,0.0
1646,Auto,FL,44,2259.08,2023-03-09,1,3273.57
1647,Life,PA,43,3175.14,2022-10-01,0,0.0
1648,Commercial,MI,64,2735.45,2022-05-14,0,0.0
1649,Auto,GA,73,4945.03,2023-07-23,0,0.0
1650,Home,PA,80,1113.98,2022-06-11,0,0.0
1651,Commercial,TX,65,3628.15,2023-08-13,0,0.0
1652,Life,CA,78,2319.43,2023-11-24,0,0.0
1653,Home,MI,43,2426.9,2022-08-04,0,0.0
1654,Home,NY,53,3729.19,2023-11-13,0,0.0
1655,Life,NY,18,3615.96,2022-12-06,1,1435.74
1656,Auto,NY,25,4960.65,2022-08-28,1,5062.69
1657,Auto,TX,69,1077.77,2022-07-21,0,0.0
1658,Home,NY,64,968.49,2022-05-22,0,0.0
1659,Life,CA,73,3759.52,2023-04-17,0,0.0
1660,Auto,OH,31,3102.74,2023-12-23,0,0.0
1661,Auto,TX,45,1733.72,2023-02-03,0,0.0
1662,Life,NY,19,857.39,2022-08-19,0,0.0
1663,Auto,NY,43,885.46,2022-04-30,0,0.0
1664,Life,GA,31,4523.86,2022-11-27,0,0.0
1665,Life,TX,76,1363.4,2023-12-26,0,0.0
1666,Auto,CA,73,1955.17,2023-08-20,0,0.0
1667,Auto,NC,24,1519.95,2022-03-15,0,0.0
1668,Commercial,MI,20,2097.48,2023-07-19,0,0.0
1669,Commercial,MI,40,812.41,2022-11-09,0,0.0
1670,Auto,FL,35,2835.77,2023-12-16,0,0.0
1671,Life,TX,55,804.26,2022-01-23,0,0.0
1672,Home,MI,32,4101.6,2022-11-19,0,0.0
1673,Home,GA,81,1551.7,2022-07-20,0,0.0
1674,Home,TX,45,2930.05,2022-01-18,0,0.0
1675,Home,CA,56,4460.36,2022-11-26,1,4757.07
1676,Auto,MI,74,3428.95,2022-12-25,0,0.0
1677,Home,IL,34,2898.31,2023-07-06,0,0.0
1678,Home,FL,61,1959.5,2022-05-13,0,0.0
1679,Commercial,CA,42,1998.51,2023-10-02,0,0.0
1680,Home,CA,34,3512.69,2022-07-04,0,0.0
1681,Auto,OH,30,4973.63,2023-04-24,0,0.0
1682,Life,IL,42,3478.28,2022-06-08,0,0.0
1683,Home,PA,27,3010.03,2023-08-15,1,2793.21
1684,Home,FL,84,3787.93,2022-08-19,0,0.0
1685,Auto,NY,35,2593.43,2022-11-18,0,0.0
1686,Life,CA,51,770.64,2022-07-13,1,430.42
1687,Auto,IL,25,3030.34,2022-09-20,0,0.0
1688,Auto,MI,57,4809.31,2024-01-29,1,2028.57
1689,Home,PA,59,1288.86,2022-03-25,0,0.0
1690,Auto,TX,58,3605.02,2023-11-21,1,3272.14
1691,Home,NC,23,1404.2,2022-11-09,0,0.0
1692,Auto,OH,69,2911.22,2023-04-06,0,0.0
1693,Home,FL,43,935.04,2022-12-04,0,0.0
1694,Home,PA,81,2526.67,2023-01-15,0,0.0
1695,Home,GA,76,3902.73,2022-03-22,0,0.0
1696,Life,GA,73,2064.07,2023-07-23,0,0.0
1697,Home,IL,76,3492.1,2022-12-05,0,0.0
1698,Auto,IL,50,4079.52,2023-01-24,0,0.0
1699,Commercial,NY,70,4672.3,2022-04-21,0,0.0
1700,Auto,GA,39,1555.89,2024-02-23,0,0.0
1701,Auto,GA,38,2296.92,2023-09-05,1,2997.42
1702,Commercial,OH,21,1185.87,2022-12-01,0,0.0
1703,Auto,NY,79,4966.18,2023-03-12,1,7057.8
1704,Home,GA,79,4671.5,2022-06-08,0,0.0
1705,Commercial,IL,41,2929.81,2023-06-03,0,0.0
1706,Auto,IL,72,4289.15,2022-10-25,0,0.0
1707,Life,FL,26,2844.31,2022-02-25,0,0.0
1708,Home,GA,20,3306.14,2022-09-23,0,0.0
1709,Commercial,NC,48,901.06,2023-07-28,0,0.0
1710,Auto,OH,57,3898.72,2022-03-04,0,0.0
1711,Home,IL,53,1074.71,2023-01-13,1,260.14
1712,Auto,GA,41,4217.3,2022-10-14,0,0.0
1713,Auto,PA,23,4019.13,2023-10-27,0,0.0
1714,Auto,TX,83,3689.35,2022-08-31,0,0.0
1715,Commercial,NY,21,662.72,2022-06-14,0,0.0
1716,Auto,GA,23,1864.08,2023-08-29,0,0.0
1717,Home,TX,68,1684.01,2023-06-11,0,0.0
1718,Home,FL,79,2120.61,2023-09-21,0,0.0
1719,Auto,IL,74,894.39,2022-04-22,0,0.0
1720,Auto,OH,83,4716.31,2022-02-18,0,0.0
1721,Commercial,CA,25,2992.11,2022-07-13,1,779.41
1722,Life,TX,43,1874.86,2023-01-07,1,2662.4
1723,Auto,GA,68,2286.42,2023-07-09,0,0.0
1724,Life,IL,62,2512.41,2024-02-27,0,0.0
1725,Life,CA,61,3202.67,2022-01-03,0,0.0
1726,Commercial,NY,22,2820.56,2022-06-19,1,3142.51
1727,Life,TX,43,4637.26,2022-03-09,0,0.0
1728,Home,OH,36,2736.34,2022-05-23,0,0.0
1729,Life,GA,37,4964.71,2023-08-11,0,0.0
1730,Commercial,OH,29,4331.41,2022-04-23,0,0.0
1731,Home,OH,64,1438.3,2023-09-05,0,0.0
1732,Life,MI,18,4687.68,2023-05-08,0,0.0
1733,Life,FL,31,1023.65,2022-08-18,0,0.0
1734,Commercial,GA,81,4178.52,2022-09-30,0,0.0
1735,Life,IL,55,2212.8,2022-08-17,0,0.0
1736,Commercial,OH,54,4450.88,2022-07-30,0,0.0
1737,Auto,TX,28,4406.26,2022-01-22,0,0.0
1738,Auto,CA,20,4126.66,2022-04-13,0,0.0
1739,Home,TX,50,4055.14,2022-11-29,1,5382.7
1740,Life,GA,23,1871.06,2022-04-24,0,0.0
1741,Home,IL,67,864.14,2023-02-09,0,0.0
1742,Home,GA,27,2313.41,2023-01-19,0,0.0
1743,Life,PA,22,1280.86,2023-01-05,0,0.0
1744,Commercial,MI,40,3627.28,2022-07-03,0,0.0
1745,Auto,FL,27,2057.45,2024-01-19,0,0.0
1746,Auto,IL,61,4890.25,2024-01-17,1,1566.12
1747,Auto,OH,19,3384.37,2022-01-12,0,0.0
1748,Auto,NC,30,4201.16,2023-07-08,0,0.0
1749,Home,IL,57,1096.36,2023-11-30,0,0.0
1750,Commercial,OH,19,4379.07,2022-02-17,0,0.0
1751,Commercial,MI,82,4652.41,2022-09-11,0,0.0
1752,Commercial,NC,80,2691.78,2022-06-07,0,0.0
1753,Auto,OH,34,3228.14,2022-07-21,0,0.0
1754,Life,PA,26,3941.64,2024-01-31,0,0.0
1755,Commercial,NC,32,1286.77,2022-01-01,0,0.0
1756,Auto,NY,41,2761.55,2022-11-26,0,0.0
1757,Life,NY,55,2293.98,2023-01-25,0,0.0
1758,Life,MI,52,1158.68,2022-12-08,0,0.0
1759,Life,OH,66,2153.9,2024-01-29,1,1939.64
1760,Commercial,PA,79,806.78,2023-04-02,0,0.0
1761,Home,CA,77,616.15,2023-05-14,0,0.0
1762,Commercial,IL,67,1108.25,2023-10-18,0,0.0
1763,Auto,PA,26,4834.02,2023-11-30,0,0.0
1764,Commercial,CA,51,2972.88,2023-12-14,0,0.0
1765,Home,MI,52,4846.2,2022-10-27,0,0.0
1766,Commercial,IL,18,2446.24,2022-12-29,1,2602.62
1767,Home,TX,57,1903.17,2023-01-05,0,0.0
1768,Auto,OH,81,2777.64,2023-07-12,0,0.0
1769,Home,CA,39,2477.8,2022-03-20,0,0.0
1770,Auto,MI,77,975.49,2023-01-02,1,1027.15
1771,Home,FL,81,3383.72,2022-04-02,0,0.0
1772,Home,TX,28,1472.17,2023-04-16,0,0.0
1773,Commercial,MI,31,3288.15,2022-01-17,0,0.0
1774,Auto,CA,77,3425.9,2023-02-27,0,0.0
1775,Auto,MI,47,1184.11,2022-01-13,0,0.0
1776,Commercial,OH,52,776.07,2023-03-22,0,0.0
1777,Commercial,PA,54,4013.43,2022-08-11,0,0.0
1778,Home,MI,22,2569.1,2023-08-07,0,0.0
1779,Home,NY,43,761.74,2022-11-14,0,0.0
1780,Home,MI,79,4976.9,2023-03-12,0,0.0
1781,Commercial,TX,21,760.01,2022-06-26,0,0.0
1782,Life,CA,59,3627.66,2022-10-13,1,2280.14
1783,Life,IL,35,4926.56,2023-06-19,1,212.23
1784,Auto,GA,57,1576.31,2022-01-11,0,0.0
1785,Home,NC,56,1140.12,2022-11-16,1,1038.62
1786,Commercial,OH,31,1046.23,2023-01-20,0,0.0
1787,Commercial,OH,49,1864.74,2024-01-11,0,0.0
1788,Home,NY,68,954.71,2023-06-05,0,0.0
1789,Auto,PA,55,3614.73,2023-04-09,0,0.0
1790,Life,TX,40,780.31,2024-02-14,0,0.0
1791,Home,MI,80,2792.4,2023-07-02,0,0.0
1792,Auto,FL,32,4985.14,2023-02-10,0,0.0
1793,Home,PA,42,4162.87,2023-07-27,0,0.0
1794,Auto,CA,34,3268.49,2023-02-18,0,0.0
1795,Home,PA,83,1878.14,2022-07-04,0,0.0
1796,Home,NC,70,3307.53,2022-08-15,0,0.0
1797,Commercial,IL,68,2871.69,2022-09-09,0,0.0
1798,Life,GA,56,2417.38,2022-04-30,1,992.45
1799,Home,NC,68,1088.2,2022-05-29,1,789.92
1800,Life,MI,23,4489.72,2024-01-12,0,0.0
1801,Home,IL,84,2524.03,2022-08-03,1,3629.69
1802,Auto,NY,24,1375.8,2022-09-13,0,0.0
1803,Life,NY,68,2154.92,2023-03-12,1,1349.93
1804,Commercial,CA,59,2363.58,2023-10-20,0,0.0
1805,Life,NY,81,4223.92,2023-05-04,0,0.0
1806,Home,OH,32,3801.26,2023-03-14,0,0.0
1807,Commercial,CA,46,3961.87,2023-03-09,0,0.0
1808,Auto,GA,50,549.64,2023-09-23,0,0.0
1809,Home,CA,44,2372.69,2022-12-15,0,0.0
1810,Life,TX,53,2666.05,2023-05-19,0,0.0
1811,Commercial,IL,46,586.37,2022-09-06,0,0.0
1812,Home,NY,55,1669.16,2023-12-15,0,0.0
1813,Life,FL,74,3921.3,2023-02-23,1,4955.69
1814,Auto,TX,44,1116.99,2022-12-08,0,0.0
1815,Life,CA,72,2908.9,2023-06-26,0,0.0
1816,Commercial,GA,50,1468.41,2022-01-18,0,0.0
1817,Life,IL,83,554.54,2023-01-25,0,0.0
1818,Home,NY,27,1585.41,2023-05-14,0,0.0
1819,Home,CA,22,4891.43,2022-12-23,1,1464.5
1820,Life,CA,55,4106.92,2023-12-15,0,0.0
1821,Home,MI,30,4818.09,2024-01-27,0,0.0
1822,Commercial,NY,48,2695.34,2023-10-15,1,2751.52
1823,Home,TX,64,993.81,2023-08-03,0,0.0
1824,Commercial,CA,69,2965.82,2023-10-23,0,0.0
1825,Auto,IL,73,2544.7,2023-09-03,0,0.0
1826,Life,FL,32,4299.61,2023-02-09,0,0.0
1827,Life,IL,46,941.37,2022-03-22,0,0.0
1828,Life,TX,25,2697.09,2024-01-09,0,0.0
1829,Home,GA,22,1175.22,2024-02-20,0,0.0
1830,Life,PA,46,1961.04,2022-10-19,1,2876.22
1831,Commercial,NC,64,3818.11,2023-04-06,0,0.0
1832,Commercial,OH,62,2642.08,2022-10-08,0,0.0
1833,Commercial,CA,19,2191.5,2022-09-28,0,0.0
1834,Life,CA,44,2275.14,2023-05-04,0,0.0
1835,Life,TX,53,2567.51,2022-09-27,0,0.0
1836,Commercial,OH,53,4032.57,2023-09-30,0,0.0
1837,Home,TX,43,4514.38,2023-10-24,1,779.79
1838,Auto,NY,60,4799.01,2023-09-26,0,0.0
1839,Home,GA,44,4041.07,2022-07-16,0,0.0
1840,Home,FL,37,1919.33,2022-05-03,0,0.0
1841,Life,GA,28,3596.61,2023-11-22,0,0.0
1842,Life,GA,55,2469.21,2023-01-25,0,0.0
1843,Auto,IL,23,1646.02,2023-04-14,0,0.0
1844,Life,NY,40,4283.92,2023-03-02,0,0.0
1845,Auto,FL,64,672.92,2022-06-28,0,0.0
1846,Auto,NC,63,4557.93,2023-07-03,1,156.05
1847,Auto,TX,29,2576.65,2022-03-07,1,1732.43
1848,Commercial,TX,30,3367.41,2023-09-06,0,0.0
1849,Home,OH,79,3467.09,2022-11-02,1,572.45
1850,Auto,CA,77,4528.03,2023-09-04,0,0.0
1851,Life,NY,60,3365.01,2023-08-27,1,3802.64
1852,Home,OH,22,3262.7,2023-05-25,0,0.0
1853,Commercial,OH,54,799.93,2022-01-30,1,1105.91
1854,Life,NC,48,2832.84,2022-01-23,1,1900.87
1855,Home,OH,26,1175.76,2023-10-08,0,0.0
1856,Home,OH,68,3818.45,2023-01-17,1,1555.95
1857,Life,OH,46,2805.0,2023-02-19,0,0.0
1858,Home,FL,57,3561.03,2023-07-26,0,0.0
1859,Auto,OH,58,687.53,2022-07-27,0,0.0
1860,Life,NY,28,881.56,2024-01-03,0,0.0
1861,Life,OH,40,3723.46,2023-12-15,0,0.0
1862,Home,NY,18,824.38,2022-05-30,0,0.0
1863,Home,MI,63,820.66,2022-01-23,1,591.31
1864,Home,TX,38,554.49,2023-05-30,0,0.0
1865,Auto,OH,53,4804.26,2023-07-10,0,0.0
1866,Home,GA,71,3818.79,2022-09-19,1,4171.7
1867,Auto,NY,74,2089.63,2022-10-20,1,127.47
1868,Life,GA,18,1834.41,2022-08-11,1,1663.01
1869,Commercial,PA,80,2073.66,2023-03-15,0,0.0
1870,Home,FL,71,3985.94,2023-05-19,1,3705.49
1871,Home,TX,72,3476.17,2022-05-30,0,0.0
1872,Auto,OH,57,1333.38,2022-01-17,0,0.0
1873,Home,TX,32,1283.49,2022-01-06,0,0.0
1874,Home,MI,38,942.78,2022-03-16,0,0.0
1875,Commercial,PA,64,3471.36,2023-09-25,0,0.0
1876,Commercial,PA,70,3939.68,2022-06-30,0,0.0
1877,Life,IL,26,1692.71,2024-01-21,0,0.0
1878,Auto,CA,69,594.25,2022-06-07,0,0.0
1879,Home,NY,74,869.77,2023-03-05,0,0.0
1880,Auto,GA,43,4855.37,2023-05-25,0,0.0
1881,Auto,GA,58,1829.5,2022-08-28,0,0.0
1882,Auto,TX,52,3961.5,2023-03-02,0,0.0
1883,Commercial,CA,80,3310.99,2022-09-08,0,0.0
1884,Commercial,PA,42,2218.73,2022-04-06,0,0.0
1885,Life,MI,55,1425.59,2023-03-05,1,1399.85
1886,Home,FL,19,1046.24,2023-05-28,0,0.0
1887,Commercial,NC,24,3267.56,2023-10-19,0,0.0
1888,Life,MI,51,3985.85,2024-02-22,0,0.0
1889,Life,TX,34,3397.57,2023-11-20,0,0.0
1890,Auto,FL,60,2886.36,2023-04-09,1,1123.64
1891,Auto,TX,76,688.78,2022-03-25,0,0.0
1892,Home,CA,68,4858.2,2022-05-23,0,0.0
1893,Home,NC,71,4094.21,2023-07-23,0,0.0
1894,Home,PA,41,1817.7,2022-03-25,0,0.0
1895,Commercial,GA,42,4909.87,2023-09-24,0,0.0
1896,Home,TX,69,3208.47,2022-04-12,0,0.0
1897,Auto,IL,50,3120.9,2023-09-12,0,0.0
1898,Home,OH,66,3866.33,2022-05-14,0,0.0
1899,Commercial,CA,46,4152.96,2023-11-05,0,0.0
1900,Auto,FL,80,3454.15,2022-05-30,1,3728.26
1901,Commercial,PA,39,1076.43,2022-07-10,1,238.43
1902,Home,TX,43,2022.2,2023-05-10,0,0.0
1903,Home,NC,45,4676.38,2023-01-01,0,0.0
1904,Life,TX,66,1510.77,2023-07-12,0,0.0
1905,Auto,PA,66,2174.75,2022-11-15,0,0.0
1906,Home,FL,37,2444.35,2022-01-29,0,0.0
1907,Commercial,GA,80,2477.32,2023-08-21,1,820.56
1908,Home,NC,78,3258.23,2022-11-30,1,4300.75
1909,Commercial,CA,66,4743.84,2023-07-03,0,0.0
1910,Commercial,TX,18,1583.12,2023-09-01,0,0.0
1911,Commercial,IL,30,1046.76,2022-03-18,0,0.0
1912,Commercial,IL,68,1388.62,2022-01-14,0,0.0
1913,Commercial,IL,73,4491.16,2022-06-11,0,0.0
1914,Auto,OH,79,3406.15,2022-01-29,0,0.0
1915,Auto,NC,49,1786.58,2023-03-27,0,0.0
1916,Life,GA,47,4171.76,2022-12-13,0,0.0
1917,Commercial,TX,46,4376.16,2023-06-23,0,0.0
1918,Auto,PA,66,4309.31,2022-09-20,1,4801.21
1919,Commercial,OH,62,4635.17,2023-05-19,0,0.0
1920,Auto,PA,47,1635.08,2022-05-07,0,0.0
1921,Auto,IL,33,3897.69,2022-08-17,0,0.0
1922,Commercial,GA,57,2572.43,2022-01-24,0,0.0
1923,Home,OH,36,4288.99,2023-12-27,0,0.0
1924,Home,IL,35,3778.21,2023-01-25,0,0.0
1925,Life,CA,18,3994.01,2022-05-20,1,180.98
1926,Commercial,GA,64,3452.73,2022-04-16,0,0.0
1927,Auto,MI,83,1298.43,2023-01-11,1,558.91
1928,Life,OH,55,2952.62,2024-02-16,0,0.0
1929,Home,FL,68,4931.01,2023-10-11,0,0.0
1930,Commercial,IL,80,4718.25,2022-10-29,0,0.0
1931,Auto,GA,21,694.28,2022-08-14,0,0.0
1932,Life,OH,18,1241.67,2024-01-20,0,0.0
1933,Life,IL,25,1092.78,2023-01-11,0,0.0
1934,Commercial,PA,46,3766.91,2023-05-10,0,0.0
1935,Commercial,FL,72,4180.03,2023-02-13,1,1422.9
1936,Commercial,MI,20,1460.8,2022-10-31,1,666.31
1937,Auto,FL,49,2776.34,2023-11-20,1,1106.21
1938,Commercial,NC,27,4283.16,2022-05-26,0,0.0
1939,Life,NY,51,3797.61,2022-02-26,0,0.0
1940,Home,PA,72,2940.07,2023-12-12,0,0.0
1941,Home,IL,49,3156.56,2022-05-09,0,0.0
1942,Home,GA,67,2787.62,2022-09-06,0,0.0
1943,Auto,PA,24,1838.97,2023-03-29,0,0.0
1944,Commercial,FL,25,3042.6,2022-04-20,0,0.0
1945,Home,FL,82,3599.98,2022-01-12,0,0.0
1946,Auto,MI,74,4429.95,2023-09-30,1,509.23
1947,Life,IL,84,3363.31,2022-08-31,0,0.0
1948,Home,TX,76,3925.05,2022-06-10,0,0.0
1949,Life,PA,71,1220.32,2022-11-11,0,0.0
1950,Auto,TX,84,2577.01,2022-12-07,1,1828.15
1951,Commercial,NC,68,541.99,2023-07-13,0,0.0
1952,Commercial,NC,25,1610.05,2022-07-22,0,0.0
1953,Life,CA,51,3769.08,2023-08-14,1,4169.32
1954,Life,NC,52,4963.14,2022-08-13,1,4556.27
1955,Commercial,TX,49,946.3,2023-12-06,0,0.0
1956,Life,CA,63,2306.72,2023-08-25,0,0.0
1957,Life,FL,33,4100.32,2024-01-10,0,0.0
1958,Commercial,GA,54,1418.16,2023-09-21,0,0.0
1959,Home,TX,71,2997.88,2023-10-19,0,0.0
1960,Auto,FL,31,3798.82,2022-03-02,1,3866.89
1961,Life,PA,72,3271.93,2023-07-16,0,0.0
1962,Life,PA,65,1346.11,2022-11-02,0,0.0
1963,Life,GA,24,2099.23,2024-01-03,0,0.0
1964,Home,NC,24,4027.06,2022-10-01,0,0.0
1965,Home,PA,50,2994.02,2023-02-28,0,0.0
1966,Home,FL,40,523.53,2022-04-27,0,0.0
1967,Commercial,FL,36,3924.46,2022-09-22,0,0.0
1968,Commercial,IL,36,658.9,2022-05-20,0,0.0
1969,Home,GA,53,3855.8,2023-03-15,0,0.0
1970,Home,NC,46,1411.16,2022-10-16,0,0.0
1971,Auto,IL,77,4811.33,2022-11-20,1,677.54
1972,Life,TX,19,2155.73,2024-01-27,0,0.0
1973,Life,CA,18,1971.19,2023-08-27,0,0.0
1974,Life,IL,64,1170.0,2022-11-19,0,0.0
1975,Auto,FL,37,1875.22,2022-11-21,0,0.0
1976,Home,GA,28,4444.93,2023-01-31,0,0.0
1977,Auto,PA,19,4983.5,2022-04-18,0,0.0
1978,Commercial,OH,84,2157.39,2023-10-11,1,3083.96
1979,Home,PA,29,2518.75,2022-07-11,0,0.0
1980,Home,OH,37,3749.32,2022-01-21,0,0.0
1981,Life,CA,22,4487.88,2023-08-26,0,0.0
1982,Commercial,IL,54,3168.7,2022-03-13,1,4001.54
1983,Auto,GA,55,2261.87,2022-09-21,0,0.0
1984,Home,OH,26,2356.8,2023-11-17,0,0.0
1985,Auto,NY,70,3630.28,2022-11-25,0,0.0
1986,Life,MI,61,514.48,2023-09-03,0,0.0
1987,Commercial,CA,41,3288.15,2023-01-12,1,3990.38
1988,Life,CA,47,2099.72,2022-07-13,0,0.0
1989,Life,FL,76,4073.89,2023-11-23,0,0.0
1990,Auto,GA,31,918.46,2023-08-26,1,1151.52
1991,Home,OH,26,3146.91,2023-11-11,1,4409.46
1992,Auto,FL,57,2664.38,2023-08-09,1,2220.72
1993,Home,FL,83,3390.46,2022-06-02,0,0.0
1994,Home,GA,42,791.84,2022-08-06,0,0.0
1995,Home,MI,39,3109.93,2022-11-19,0,0.0
1996,Home,CA,21,3026.68,2023-01-24,0,0.0
1997,Home,FL,43,3022.97,2022-10-12,0,0.0
1998,Home,GA,75,3215.69,2022-10-11,0,0.0
1999,Life,GA,46,3544.11,2023-07-05,0,0.0
2000,Home,PA,54,4122.45,2023-10-05,0,0.0
